model_name,num_layers,d_model,num_heads,d_ff,context_length,batch_size,total_fp32_sec,total_autocast_sec,total_no_master_sec,total_default_sec,speedup_autocast,speedup_no_master,speedup_default
TRANSFORMER_SMALL,12,768,12,3072,256,4,0.14857006683349605,0.12088092079162598,0.09353942413330077,0.12017790145874023,1.2290613428532737,1.588314961419609,1.2362511329464634
TRANSFORMER_LARGE,36,1280,20,5120,256,4,0.8936289916992187,0.5174139892578125,0.3404906066894531,0.4989860137939453,1.727106360191489,2.6245334647785437,1.7908898586248552
