model_name,num_layers,d_model,num_heads,d_ff,context_length,batch_size,total_fp32_sec,total_autocast_sec,total_no_master_sec,total_default_sec,speedup_autocast,speedup_no_master,speedup_default
TRANSFORMER_SMALL,12,768,12,3072,256,4,0.14842371215820313,0.12075573234558105,0.09353708839416505,0.12017525100708008,1.2291235312410786,1.586789953657163,1.2350605546017024
TRANSFORMER_LARGE,36,1280,20,5120,256,4,0.894760678100586,0.517527165222168,0.33965742950439454,0.4992690612792968,1.7289153849855907,2.6343032725830877,1.792141247062066
